DATASET=TEST_A,TYPE=WITH_FAULT_TOLERANCE,NODES=42,LINKS=63,REQUESTS=100
REQUEST PASSED, REQUESTS FAILED, AVERAGE REQUEST DELAY, AVERAGE REQUEST COST, AVERAGE FAILURE PROBABILITY, AVERAGE LENGTH OF PATHS, MEAN NODE [CPU, RAM, PBS], MEAN LINK BANDWIDTH
17,8,11.200000000000001,42.64705882352941,33.50435091385871%,4.764705882352941,[43.45, 43.45, 43.45],989.3333333333334
REQUEST STATUS,REQUEST ID,PATH ID,FAILURE PROBABILITY,DELAY,COST,FUNCTIONS,PATH
APPROVED,1,R1P5,33.81410018552876%,16.5,55,['F1', 'F2', 'F3', 'F5'],[12, 3, 4, 1, 15, 17]
APPROVED,2,R2P11,23.834285714285713%,5.7,25,['F3'],[12, 3, 17]
DENIED,3,NONE,NONE,0,0,['F2', 'F3', 'F4'],src=19, dest=14
DENIED,4,NONE,NONE,0,0,['F3', 'F6', 'F4', 'F2'],src=11, dest=5
APPROVED,5,R5P20,34.97662337662338%,15.800000000000002,55,['F2', 'F3', 'F1', 'F5'],[1, 15, 14, 10, 8, 7]
APPROVED,6,R6P11,31.747392290249437%,10.500000000000002,45,['F3', 'F6'],[11, 16, 3, 17, 18]
DENIED,7,NONE,NONE,0,0,['F5', 'F4', 'F6', 'F2'],src=10, dest=19
DENIED,8,NONE,NONE,0,0,['F1'],src=14, dest=13
APPROVED,9,R9P4,39.94467120181405%,12.400000000000002,45,['F1', 'F3', 'F2'],[9, 7, 15, 14, 10]
DENIED,10,NONE,NONE,0,0,['F3', 'F2', 'F1', 'F4'],src=14, dest=6
APPROVED,11,R11P3,24.705539358600586%,7.1000000000000005,35,['F1'],[12, 3, 17, 15]
APPROVED,12,R12P2,38.055393586005835%,9.4,35,['F3', 'F5'],[12, 11, 16, 3]
APPROVED,13,R13P1,34.401749271137035%,7.300000000000001,35,['F3'],[3, 12, 11, 16]
DENIED,14,NONE,NONE,0,0,['F2'],src=12, dest=19
APPROVED,15,R15P6,38.195918367346934%,12.9,45,['F4', 'F2', 'F3'],[1, 4, 3, 17, 15]
APPROVED,16,R16P25,33.69912536443149%,7.5,35,['F4'],[7, 15, 1, 2]
DENIED,17,NONE,NONE,0,0,['F6', 'F3', 'F2', 'F5'],src=19, dest=2
APPROVED,18,R18P7,33.36697588126159%,16.4,55,['F6', 'F4', 'F2', 'F1'],[7, 15, 17, 20, 10, 8]
APPROVED,19,R19P13,29.879406307977735%,13.900000000000002,55,['F1', 'F6', 'F4'],[11, 16, 3, 17, 15, 14]
DENIED,20,NONE,NONE,0,0,['F2'],src=19, dest=6
APPROVED,21,R21P1,31.638095238095232%,12.8,45,['F3', 'F6', 'F2'],[8, 7, 9, 10, 15]
APPROVED,22,R22P2,28.35918367346939%,5.8,25,['F3'],[17, 3, 16]
APPROVED,23,R23P3,42.887284144427%,19.599999999999998,65,['F5', 'F4', 'F6', 'F1', 'F2'],[1, 2, 4, 3, 17, 15, 14]
APPROVED,24,R24P1,29.90495626822157%,9.2,35,['F3', 'F5'],[10, 8, 7, 15]
APPROVED,25,R25P1,40.16326530612245%,7.6,35,['F2'],[12, 3, 4, 1]
